"","con_threshold","cov_threshold","noise_level","frag_ratio","prevalence","factors","low_contr_AND_correct","high_contr_AND_correct","low_contr_AND_complx","high_contr_AND_complx","low_contr_AND_complete","high_contr_AND_complete","low_contr_AND_nct","high_contr_AND_nct","high_contr_AND_ratio","base_correct","base_complx","base_complete","base_nct","GT_complx","low_corr_sd","high_corr_sd","low_complx_sd","high_complx_sd","low_complete_sd","high_complete_sd","base_corr_sd","base_complx_sd","base_complete_sd","nrow","few_csfs","all_high_contr_AND","all_low_contr_AND","n_low_contr_complx","n_high_contr_complx","GT_high_complx","GT_low_complx"
"1",0.7,0.7,-99,-99,0.6,7,0.374095412447311,0.790154132976866,0.237172551593615,0.250083182761436,8.03691066473524e-05,0.0166693771378807,4.37389078865362,2.32359341043125,0.034166127300499,0.389645852144995,0.237638202337919,0.00045978083267718,4.3089239846978,8.04272341787343,0.330687170158368,0.379499802012132,0.127211276075836,0.192136244655361,0.00489176166797567,0.124483615346571,0.326095369445357,0.135150451324135,0.0124118991703992,49996,4,55,39773,46816,8706,7.47354005673481,8.04467271380229
"2",0.75,0.7,-99,-99,0.6,7,0.215977812255916,0.459512426317371,0.300236815164189,0.420267196065053,0.000215895893078899,0.017427541405419,6.42254870310094,4.75006072347433,0.0324358669989946,0.229122569430809,0.311006321575908,0.00119915600037884,6.33663141199302,8.04241017844283,0.294349615750485,0.432656866689297,0.183248163354748,0.246307026158654,0.0108032810811884,0.117833389421922,0.295970030683792,0.199643899115797,0.0285473178601853,49988,12,227,33983,44812,10734,8.18725398313027,8.05178754446253
"3",0.8,0.7,-99,-99,0.6,7,0.132680969722086,0.335191024852656,0.418310469100329,0.531751666673387,0.00114337380906057,0.0260790883633639,7.91277556990535,6.09229686971234,0.0627914992306026,0.154551412005887,0.451537104303402,0.00318656388568107,7.74336169838985,8.04283027926702,0.239114298015114,0.371993515540654,0.224515986481484,0.240250844611844,0.0261720389493492,0.135220633055866,0.251856888747554,0.246877225386411,0.0447563175116158,49988,12,508,21575,38943,19356,8.17590539541759,8.06307599029911
"4",0.85,0.7,-99,-99,0.6,7,0.0885368664502148,0.246759992307124,0.514861406155548,0.587835978054391,0.00336730343365707,0.0336978991046372,9.22836205848271,7.45479107474894,0.117383254214576,0.115005057893752,0.558201476636815,0.00737119604556217,8.98214174726516,8.03921450393954,0.207284337133383,0.327398823583587,0.228068368273743,0.244866631265311,0.0426418165760222,0.148547075126284,0.222201634677359,0.247057827871219,0.0580841974227622,49752,248,465,15192,27796,22652,8.09429976851852,8.05969119646154
"5",0.7,0.75,-99,-99,0.6,7,0.370825856502451,0.80907806480953,0.268255266692786,0.269835983602526,0.00029244673895722,0.0204868309281542,4.3766076246225,2.29346450533671,0.0255287159811175,0.382992511367152,0.267589321597178,0.000757012236205679,4.3250329194733,8.04241696678671,0.324789431321485,0.367337639042901,0.138772502713648,0.203418963261745,0.0129436986279766,0.138149421176078,0.321377031326723,0.144236757124092,0.0195638535671701,49980,20,79,42967,46851,6045,7.31056609154427,8.04526963387507
"6",0.75,0.75,-99,-99,0.6,7,0.224679800864434,0.500234352507936,0.337274181515743,0.442551750557888,0.000619964091844797,0.0224495356583654,6.36899830669477,4.78025580363063,0.0240819435076114,0.236644789569367,0.343955552322197,0.00175706808581958,6.29186611694848,8.04214467335376,0.296364120636571,0.44096677459763,0.199024010101496,0.254739594638154,0.0198358633784568,0.13549069733565,0.299066514384131,0.209590343459695,0.0361177688575607,49947,53,278,39042,44674,7414,8.14507106831729,8.05427932915903
"7",0.8,0.75,-99,-99,0.6,7,0.150936442193158,0.372872285830469,0.458704782802616,0.563777111406464,0.0018948623325577,0.0329635901111799,7.82799686748437,6.09862989101594,0.0425612913770762,0.169374306367306,0.482725419192462,0.00395280286975272,7.6931335146075,8.04242581988548,0.261417780337686,0.391863920080215,0.236027370634559,0.243245743029933,0.0330520884663402,0.153802653666951,0.272373118778166,0.250672897126437,0.0502179548648953,49946,54,519,29729,39018,13562,8.16674086165109,8.06393266837963
"8",0.85,0.75,-99,-99,0.6,7,0.0961761659119607,0.295002929247391,0.551455452734758,0.631006174025681,0.00484217659845762,0.0472172536553249,9.20219324026725,7.24376732491734,0.0750313535622421,0.118239336918301,0.590584937899257,0.00900007658540939,9.02221561537847,8.02793000183348,0.21829915444807,0.357257078852082,0.23112316037085,0.244060119039182,0.0511804933677922,0.179059770252353,0.230299655780379,0.245812929604906,0.0656024038632202,49087,913,393,23547,27074,16560,8.09929522317933,8.04700784490902
"9",0.7,0.8,-99,-99,0.6,7,0.369345740828567,0.8233250211833,0.298668944425055,0.292074277214964,0.000522292660102121,0.0237657670694354,4.38854060815116,2.34775572325522,0.0187807883576378,0.378852348295169,0.297536008297513,0.00106570190459807,4.34825539384878,8.04219231847491,0.324927093321115,0.356107073890858,0.145996247017484,0.213211154665153,0.0184516952769853,0.148764044998365,0.32227937873056,0.149947468703583,0.0263942574807941,49938,62,95,45331,46141,4016,7.14000434121988,8.0464458399374
"10",0.75,0.8,-99,-99,0.6,7,0.230671961676306,0.538451094315766,0.370927025357343,0.464272815477496,0.00106890912384412,0.0273731030662231,6.27459341652569,4.8232650313968,0.0186332315436556,0.240965961076609,0.375490569921281,0.00205342870050395,6.21168349711228,8.04241986020728,0.299120991018904,0.444173768174573,0.203424805581857,0.259122405324175,0.0279477705682726,0.150820386493649,0.302181983593546,0.211035560097894,0.0392462442963331,49788,212,287,42811,41993,4882,8.04557832879461,8.0546251590877
"11",0.8,0.8,-99,-99,0.6,7,0.158222036909962,0.398915735995734,0.482495562183855,0.597043024848965,0.00236297710836917,0.0381187829875069,7.81333204984957,6.21853925828896,0.0303247505755374,0.172745384309087,0.503657040173688,0.00408581894832077,7.71363699059063,8.03902989738524,0.275371578202246,0.405449472035578,0.235081701420962,0.243271166515378,0.0378645946521765,0.165115457780414,0.283748964718913,0.24744120534662,0.0506116480055095,49603,397,432,35908,34417,9085,8.17115735669953,8.05716784283419
"12",0.85,0.8,-99,-99,0.6,7,0.0985678982969582,0.33607245566195,0.577881005670301,0.673358430332939,0.00544333978343864,0.0637638424795026,9.23463721140689,7.1589754175571,0.0546964333765038,0.117355160414442,0.616954265036524,0.00972933428904943,9.10011720057945,7.99837000814996,0.2231907533369,0.378613664280107,0.230319466016579,0.239617754145612,0.0541365764465439,0.209657344535286,0.232920503654599,0.243157695903341,0.0683192330160369,46626,3374,304,28832,22723,11502,8.03568618635495,8.0142265014464
"13",0.7,0.85,-99,-99,0.6,7,0.363473035586711,0.80994550193064,0.324605603153586,0.311365596075786,0.000473589684019681,0.0281807816308878,4.47956821713947,2.47137519926798,0.013695335446484,0.370658002894335,0.323604375893508,0.00107587010325454,4.44810557161072,8.04085532668169,0.334151947694666,0.366629192732362,0.148742036386107,0.221877948792743,0.0182503989818149,0.161940871074717,0.332930039085188,0.152004863246911,0.0281086751636004,49712,288,128,46886,43220,2424,7.06652512384996,8.04695062923524
"14",0.75,0.85,-99,-99,0.6,7,0.221102979284496,0.563579465133648,0.398128706364052,0.485673977048236,0.000925646879270405,0.033183582660169,6.31017590722072,4.90362743465386,0.0145639160534465,0.229789103773459,0.401731063744191,0.00178683269875562,6.25953566204051,8.04151182259975,0.302080836683769,0.443173623162057,0.199458184190565,0.264046411378862,0.0248281103212415,0.166146571564995,0.305718396390218,0.206044286208287,0.0358899170101062,48974,1026,270,44731,34774,3038,7.9860947442847,8.05256241787122
"15",0.8,0.85,-99,-99,0.6,7,0.150733714963435,0.410199268559761,0.500917186232683,0.623573212645983,0.00203842523019622,0.0435062749981268,7.90188366008066,6.43470410138202,0.0228184188932574,0.162060539990392,0.519573821145898,0.0036113424522015,7.8291901541876,8.01993865030675,0.275330870034789,0.412623684153398,0.230850806444617,0.243299768947,0.0326537155323315,0.177939133705348,0.282354903478614,0.242113334310289,0.0455441469088229,46944,3056,327,38307,26058,5590,8.14044228320019,8.03569513267692
"16",0.85,0.85,-99,-99,0.6,7,0.104282359523488,0.357054450196367,0.602030373437554,0.712061284337479,0.00672945892677033,0.0767924413531405,9.1688972868206,7.30456672552504,0.0476198441269519,0.121739880560523,0.640021579516519,0.0117316740885893,9.05909755566125,7.95210669124046,0.230366395423747,0.391472305740596,0.230401902562715,0.232824981808322,0.0601125182795723,0.23164880325733,0.239404249082083,0.240680297608043,0.076998769227576,39066,10934,258,27731,16797,7177,8.00767534186149,7.97044423830138
"17",0.7,0.7,-99,-99,0.65,7,0.509674337079327,0.983983509498384,0.218622814133961,0.207264521744433,0.000148851617507416,0.0234394863971523,2.73117429536643,1.17051233155352,0.0205601662175724,0.520242865126359,0.218710455901414,0.000481980569973877,2.70581710944006,8.04282171286851,0.295776918019109,0.119725719039905,0.0991296597645741,0.16230768687345,0.00506684031455909,0.149959380784138,0.290093238486305,0.104786312274943,0.0106420360445126,49998,2,6,44754,49150,5177,6.78146453089245,8.043046887502
"18",0.75,0.7,-99,-99,0.65,7,0.360179015639642,0.863929008297068,0.241268246630054,0.277030310288254,0.000163056276995036,0.0366913449673894,4.63083901194878,2.09972116248227,0.0114540586643043,0.36613565062877,0.242419419841457,0.000442828548998803,4.60436993604568,8.04266511981438,0.32983088122457,0.322104627752642,0.136072326686656,0.224953629209719,0.00719306169071934,0.184373371706038,0.328193878941038,0.141912458288034,0.0123902681123243,49994,6,35,46212,48098,3399,7.16842940243257,8.04403610960988
"19",0.8,0.7,-99,-99,0.65,7,0.194136379870401,0.583972526450833,0.335143229805139,0.492869310485086,0.000769649924556547,0.0489589748672556,6.79470351179051,4.4264996986928,0.0111185414616666,0.200870520321477,0.343638578200938,0.00164575601012138,6.75063613272922,8.04284771258827,0.276871002055291,0.436456014881956,0.207481046656475,0.262434283771347,0.0222175743673209,0.20299859335663,0.279361432595195,0.218511187338433,0.0337428742686867,49991,9,160,42697,46894,5312,7.98108034000548,8.05002909835243
"20",0.85,0.7,-99,-99,0.65,7,0.132997031131759,0.504038204867652,0.478973497730849,0.581107104029058,0.00290459513136849,0.0715748421099563,8.24605010882184,5.30949692742383,0.0212768349700366,0.144365304409779,0.501384851317459,0.00475510661981053,8.16890580826664,8.04202454601878,0.243833812347423,0.421756889090838,0.234650779655745,0.254396252918306,0.0401230075583313,0.234217733157901,0.249863234249688,0.249054573797589,0.0508129516784233,49947,53,234,34671,40988,10955,7.89473684210526,8.05390944018667
"21",0.7,0.75,-99,-99,0.65,7,0.5070409772201,0.978747672253259,0.243491962385836,0.219123665722329,0.000291620280266634,0.0261405959031657,2.83339286386073,1.20791433891993,0.0142051458927612,0.514544398528269,0.242849017911144,0.000548648329446545,2.81393462423437,8.04282342587407,0.292395697754278,0.138346427122621,0.107436009162512,0.170844102184607,0.00867776714811564,0.15833663796599,0.288146705141322,0.110862408218759,0.0119612926895201,49996,4,7,46416,49274,3517,6.60111731843575,8.04336954129909
"22",0.75,0.75,-99,-99,0.65,7,0.357191122838696,0.874670007757408,0.272971344731098,0.28930732489593,0.000488638098118866,0.0395510152604364,4.626638495166,2.11805914479013,0.00885207827347647,0.362053636502888,0.27313365705143,0.000830035386196881,4.60447162449007,8.04263193694234,0.325790079745754,0.312635860325685,0.148225102555533,0.22917059882085,0.0169329917020219,0.1921202386262,0.324360127038734,0.15187578720803,0.0218438885008723,49986,14,37,47343,47710,2387,7.02080968596292,8.04454543634507
"23",0.8,0.75,-99,-99,0.65,7,0.20976428621535,0.605379885918764,0.371492074904677,0.517978805523473,0.00142356820849638,0.0544914076752029,6.71520029370925,4.59156701797513,0.00902898837602235,0.215739723292394,0.377380065213076,0.00228369195452275,6.67587929422779,8.04285771478901,0.288423192511235,0.43554925635121,0.221213085320464,0.266448518130329,0.0316324000884821,0.214174705262401,0.290882672849723,0.228142022828513,0.0411315809797431,49956,44,176,45013,46054,3638,7.91058061905725,8.05146645239052
"24",0.85,0.75,-99,-99,0.65,7,0.145609981932185,0.5290561064662,0.517716933241802,0.624494649375737,0.0041623906605398,0.0895127413150148,8.21894040759335,5.46673986111385,0.0161860427383631,0.154776101414871,0.536604847698941,0.00600004602107513,8.15806477623462,8.04023046192761,0.259956877079391,0.424562689530986,0.242247202009665,0.252774611349944,0.0469031146346196,0.262784943964508,0.264669937117798,0.252025988407361,0.0568909448447698,49813,187,217,38915,39428,7905,7.77959258579556,8.05177836922332
"25",0.7,0.8,-99,-99,0.65,7,0.5126025036034,0.967677630642176,0.264287094347759,0.236307983902448,0.000353537991382115,0.0306848924960843,2.92016722556815,1.29139968674356,0.00962898501893203,0.517717617024486,0.263617943682154,0.000628996961097395,2.90594722197101,8.04282342587407,0.292757325800728,0.170607047889357,0.11151544319044,0.184276305398358,0.0102251633526914,0.171290866981202,0.289677126536888,0.113970806848837,0.0147865538475385,49996,4,10,47655,49294,2276,6.45066211020931,8.04357220021606
"26",0.75,0.8,-99,-99,0.65,7,0.354602761914191,0.865430735459064,0.3043850031443,0.309832157384274,0.00065222528059975,0.0473087818696884,4.62640303204636,2.22875278011255,0.007124755343475,0.358690235877517,0.304221291751988,0.0010858540333248,4.60753481849701,8.04265080032854,0.324196016753046,0.320816199484532,0.15537609594228,0.239989849603061,0.0201687718550839,0.209183443242385,0.323289999192034,0.158082845450657,0.0268862136266064,49917,83,59,48152,46528,1583,6.8742209631728,8.04593044245658
"27",0.8,0.8,-99,-99,0.65,7,0.220075854264591,0.608161963165516,0.402127594922144,0.550459985072618,0.00167162713666248,0.0632692744145017,6.6199974867715,4.82204446737404,0.00753845559276861,0.22519261110867,0.406776347567035,0.00248739552516924,6.58703928120103,8.04238650060265,0.297104863375056,0.434890669544574,0.22210372842791,0.272003672706178,0.0340136716989003,0.228472906500911,0.299455811084306,0.227499156434573,0.042471419286545,49780,220,174,46467,42667,2446,7.80712345306369,8.05120348344958
"28",0.85,0.8,-99,-99,0.65,7,0.147897717020572,0.536763460858562,0.539751697481667,0.662514437492544,0.00449620161567094,0.103424124811156,8.2657897433065,5.74747695278405,0.0123724517002136,0.155061108637522,0.557100912001778,0.006258791096539,8.22160265828759,8.02831901740355,0.268496428896979,0.427579999789689,0.240363009642124,0.248551095654406,0.0495204178524319,0.281660689566349,0.271857854986116,0.248505048354719,0.0587084433102058,49013,987,159,41479,33673,5424,7.7369259357579,8.03870716829738
"29",0.7,0.85,-99,-99,0.65,7,0.518160898204316,0.951884920634921,0.281796908243134,0.255689332915227,0.000312095993940217,0.0388144841269841,3.03587911646757,1.40674603174603,0.00612765676354034,0.521312461983673,0.2814271314063,0.000564791613781818,3.02651013133572,8.04280513661639,0.299520941204113,0.208707809148413,0.111587172090884,0.200014255280092,0.0112545126441963,0.192956685795194,0.297499900177607,0.113549812031066,0.0157610190130207,49994,6,11,48650,48906,1286,6.34449404761905,8.04343476782106
"30",0.75,0.85,-99,-99,0.65,7,0.346285905924045,0.858113494853826,0.331160019774425,0.341367762076909,0.00062732509093016,0.0584495308252214,4.70172426356868,2.37369990353416,0.00536861796663695,0.349497529712119,0.331133864763986,0.00106566522448024,4.68604035861142,8.04210399081368,0.33153339494558,0.324733169199913,0.157116783847296,0.258315734864884,0.0210254829742567,0.23204434210456,0.331208967399436,0.15944992673517,0.0281011455818854,49639,361,70,48553,42884,973,6.72099447513812,8.0462587504287
"31",0.8,0.85,-99,-99,0.65,7,0.210631224321046,0.594688100899663,0.422690865187021,0.576906981845724,0.00137618100199955,0.0711954893283548,6.67944234234084,5.19591269981908,0.00589838316420038,0.214799445173304,0.426556726102822,0.00205801800214729,6.65398871528311,8.04397882121162,0.301128722598264,0.436626519372877,0.214675555148801,0.271129861026654,0.0298954925993559,0.242464190571607,0.30339549673321,0.219263539368568,0.0377173785129553,48728,1272,144,46662,34235,1510,7.86834462729913,8.05141610406718
"32",0.85,0.85,-99,-99,0.65,7,0.142252775876538,0.521732196913595,0.556145558586333,0.695029554383233,0.00437573688645418,0.106952010401094,8.36035341921099,6.1963430379274,0.0103006341465297,0.148022304098991,0.571903634459786,0.00592081874260618,8.32609475264979,7.99221260264191,0.268686222889796,0.430724114678095,0.237772801214912,0.240295478427343,0.0469428178759904,0.284839468010173,0.271465476069376,0.244831611755531,0.0551607751123466,44816,5184,122,40014,24863,3371,7.84152436484798,8.00058173356603
"33",0.7,0.7,-99,-99,0.7,7,0.501305469964633,0.998303167420814,0.218883530827359,0.200289481135798,0.000141496790238583,0.021210407239819,1.92446323143134,1.03599828662909,0.00924906870356901,0.507186096365365,0.218697666757695,0.000287949189782613,1.91787758481186,8.0428,0.248344011810144,0.0411634854343584,0.0910065988384961,0.148986870125032,0.00347814635264783,0.144105512437434,0.243593939965106,0.0941696441868834,0.00529256238783108,50000,0,4,46464,49776,3530,6.51046380090498,8.04282342587407
"34",0.75,0.7,-99,-99,0.7,7,0.509171045530942,0.995465994962217,0.21820783657002,0.226222438551725,0.000254978652140526,0.046095717884131,2.83025935390489,1.14413098236776,0.00772633681406322,0.513387986923404,0.218843175310939,0.000491827934215226,2.8197882594514,8.04282256935416,0.299643659848405,0.0652970644851126,0.102482268932521,0.196213972104709,0.00780955610218014,0.209444640336598,0.29706243929277,0.106937138393269,0.0113557407367779,49997,3,3,48012,49464,1977,6.4639798488665,8.04298515821899
"35",0.8,0.7,-99,-99,0.7,7,0.325554366180449,0.904585953878407,0.253996184436967,0.339015041508648,0.000328769473162276,0.0854297693920335,5.09982714110347,2.16614255765199,0.00334301863339732,0.327649743341239,0.255226471200715,0.000552291993195664,5.08940154313848,8.04304860972194,0.32763768423468,0.280960231624771,0.152986499412618,0.278573224950651,0.0116388792075444,0.278298265226781,0.327062729413072,0.15675906754708,0.015176708356063,49990,10,19,48718,48657,1173,6.81446540880503,8.04402553481019
"36",0.85,0.7,-99,-99,0.7,7,0.170981256618861,0.729517755506063,0.394792739810795,0.578491489645989,0.00177630382126356,0.122979637289214,7.27968729710897,4.1737782594478,0.00469569600648244,0.174411413981247,0.402489002803808,0.00254942984471419,7.25784690637608,8.0426693872652,0.258504966569017,0.398728920690275,0.23138335261681,0.27309978072205,0.0335845051668522,0.317369048453957,0.260648121804433,0.239002380125578,0.0411876070198702,49989,11,103,46397,47075,2945,7.38557906458797,8.04893156396584
"37",0.7,0.75,-99,-99,0.7,7,0.502352164249849,0.997332786212556,0.238651370820047,0.208639903791076,0.000195423129519467,0.0233894132129668,2.00405294764996,1.06460385312906,0.00627164267012698,0.506467710276482,0.238175025908818,0.000311012125671793,1.99926081157552,8.04280085601712,0.244646285105452,0.0505822547464083,0.0980836325796858,0.155364947615694,0.00431850896635816,0.151167872092249,0.241095780812247,0.0998988978118332,0.00557214086486108,49999,1,3,47562,49827,2431,6.3935166187936,8.04282342587407
"38",0.75,0.75,-99,-99,0.7,7,0.504402794426141,0.991397849462366,0.243062356560411,0.235694686128526,0.000359721500822068,0.0508960573476702,2.93477583845579,1.17060931899642,0.00572985210888696,0.507582923449094,0.243230945096655,0.000574654872165651,2.9265751388223,8.04282256935416,0.296222819371855,0.0923811198295803,0.110167772312423,0.202480989496583,0.00983784285827747,0.219864279135617,0.29419643935754,0.113048760682005,0.0129085588519532,49997,3,4,48602,49513,1383,6.28458781362007,8.04308603204449
"39",0.8,0.75,-99,-99,0.7,7,0.326118265902196,0.909410430839002,0.286415704926715,0.358222120882752,0.00074039971461023,0.0963203463203463,5.07899158285988,2.25423881673882,0.00304221803218541,0.328144885745649,0.287206065591178,0.00109943794100323,5.06851698869191,8.0429091782412,0.325738137585644,0.274367142415523,0.164930963542592,0.288207553952384,0.0216025871643555,0.294270843871893,0.325455496155632,0.167614675459489,0.0267768420404807,49966,34,35,49042,47928,856,6.65151515151515,8.04506218581643
"40",0.85,0.75,-99,-99,0.7,7,0.191042592996421,0.72334680883319,0.431302327954027,0.618045889407335,0.00239047101333041,0.140998702983139,7.1973252460523,4.45303224013341,0.00383930667572885,0.193901333434415,0.437443813332407,0.00320221360310901,7.17890241909693,8.042853996035,0.279414183057842,0.406078393345981,0.242009933162744,0.271630080543331,0.0380617028184819,0.339379426890376,0.281039204604352,0.247129480976998,0.0455799811561184,49937,63,94,47367,45996,2075,7.30038910505837,8.04981642357001
"41",0.7,0.8,-99,-99,0.7,7,0.509873684406598,0.996478873239437,0.254429398214902,0.224134368450361,0.000202008410803195,0.029449423815621,2.11237559758575,1.08422005386551,0.00418650659461067,0.512686293458135,0.25403852067937,0.000305216634834492,2.10854180034931,8.04282256935416,0.23960420646804,0.057886288733423,0.100545944980445,0.171505338003373,0.00477738100754567,0.16911672125979,0.23705507043541,0.102007204088096,0.00593448907688712,49997,3,1,48435,49812,1557,6.1741357234315,8.04282342587407
"42",0.75,0.8,-99,-99,0.7,7,0.510335792438166,0.98356555912826,0.264374221372389,0.2514218975318,0.000424976766169841,0.060021436227224,3.02227466673797,1.20900321543408,0.00408833816811829,0.512610901180641,0.264373982720285,0.000649643835634398,3.01544607695966,8.04282342587407,0.297429433449185,0.124124039576253,0.114107495516608,0.216796192641969,0.012575299438478,0.237653947330201,0.295921348038398,0.116166109792608,0.0159602101088927,49996,4,3,49063,49454,919,6.12218649517685,8.04318604604645
"43",0.8,0.8,-99,-99,0.7,7,0.327566177282906,0.890694006309148,0.318980698453847,0.385835814512285,0.000980601993395157,0.105283911671924,5.04102923068022,2.40093760953382,0.00252591810503711,0.329252306925688,0.31948198568871,0.00135014815622856,5.03201458702243,8.04235520616076,0.324675181912974,0.297386619450081,0.171326396382898,0.296578082582818,0.0260432226415894,0.306034099887054,0.324601102151034,0.173216863894103,0.030849903717091,49864,136,40,49230,46300,578,6.47791798107256,8.04483782915864
"44",0.85,0.8,-99,-99,0.7,7,0.202254683135171,0.712477463145615,0.457395471579161,0.642860280834964,0.00264287293098095,0.143722823205006,7.14816120766527,4.73328693392725,0.00332990770742747,0.204761654024539,0.462024123124625,0.00344803995194046,7.13196361754661,8.04142595462872,0.293397686579313,0.414514471184741,0.239873852491248,0.268256380788621,0.0402705985767009,0.341572143087952,0.294842602257805,0.243610759094358,0.0476056705080875,49679,321,91,47883,41784,1422,7.25612472160356,8.04821731063967
"45",0.7,0.85,-99,-99,0.7,7,0.500933363085962,0.993324432576769,0.270260548701772,0.232580583991874,0.000163753881974714,0.0307076101468625,2.29336073184519,1.1507137722091,0.00220242014498905,0.502356864129663,0.269979244387091,0.000219335396281152,2.29125040972025,8.04282256935416,0.236215121009156,0.0814853925664985,0.0999695553320432,0.178478463090226,0.00451867075888225,0.172639639545914,0.235059363171883,0.10070906209799,0.00526136674234649,49997,3,1,49248,49660,744,6.17089452603471,8.04282342587407
"46",0.75,0.85,-99,-99,0.7,7,0.515464197979921,0.962923728813559,0.283141518221021,0.271808838292355,0.000470748810061483,0.0656779661016949,3.12803553791672,1.36087570621469,0.00218297371562487,0.516722236924908,0.283101325555097,0.000603102828747356,3.12420888719552,8.04282342587407,0.304157986837634,0.187740872905489,0.115164831379545,0.232444425953814,0.015070487087667,0.247981160895161,0.303366187766783,0.1163555608968,0.0171550737923402,49996,4,6,49524,48983,455,6.07415254237288,8.04324864972995
"47",0.8,0.85,-99,-99,0.7,7,0.317766647097591,0.872033158813263,0.34768626261013,0.420987000117435,0.000983978841694701,0.100349040139616,5.09225871398072,2.79838568935428,0.00197736281421516,0.319133310755374,0.348022686354697,0.00123308917845442,5.08510855502756,8.04017875197153,0.329582132431175,0.312458099014115,0.17193853909429,0.299748825632541,0.0270194386982013,0.299887983924423,0.329803254147123,0.173239670931556,0.0304547475840021,49454,546,48,49072,41799,345,6.56282722513089,8.04272760393475
"48",0.85,0.85,-99,-99,0.7,7,0.193289337447501,0.656441006510131,0.472003182447432,0.679027813185322,0.0023166579817396,0.147228439763002,7.24713787887258,5.34294235973959,0.00231349290584124,0.194992648228925,0.475723523580267,0.00282170066851206,7.23702497296657,8.03502390355435,0.298066118792225,0.432318995628525,0.231580460010488,0.260951275541335,0.0378617483548978,0.341914521578375,0.298986272266678,0.234655803473005,0.0423571757682107,48110,1890,57,47025,32483,819,7.53824884792627,8.03885293321957
"49",0.7,0.7,-99,-99,0.75,7,0.408744216857872,0.998372660699756,0.222422701156567,0.205720915867615,9.15049338372185e-05,0.0219690805532954,1.90484608398823,1.03717256681638,0.00405350048209197,0.411579209027266,0.222339926835289,0.000142144880341084,1.90214268009453,8.04282085641713,0.232901611942158,0.0403156584588609,0.0903032931184423,0.151479874153745,0.00206392153068633,0.146612363198963,0.230903316270079,0.0925806590709075,0.00265011512770945,49999,1,2,47541,49916,2454,6.34052074857608,8.04282256935416
"50",0.75,0.7,-99,-99,0.75,7,0.504924643173968,0.997740963855422,0.217994636616582,0.216723997176827,0.000181499703781146,0.0399096385542169,1.91608382483601,1.04442771084337,0.0033804936670463,0.507169308386506,0.218234384764755,0.000282691745778747,1.91392409936211,8.04282085641713,0.24543910884419,0.0474934881632184,0.0915160744403213,0.178971046763946,0.00397430143200806,0.195820668225972,0.243420995991004,0.0941356031543439,0.00513917734853978,49999,1,3,48671,49868,1325,6.19503012048193,8.04282342587407
"51",0.8,0.7,-99,-99,0.75,7,0.495961351258412,0.996840442338073,0.218884639867605,0.271330100609023,0.000348323555572674,0.102685624012638,3.05152452014627,1.14849921011058,0.00227321713703619,0.497371470213352,0.219627188558356,0.000514541650435686,3.04742521777513,8.04282342587407,0.308224706490188,0.0561654552356637,0.107502641077424,0.261656446811194,0.00972663745747444,0.30378788621146,0.307230451527979,0.110816645989182,0.0121477305633208,49996,4,1,49363,49639,631,6.04581358609795,8.04296429642964
"52",0.85,0.7,-99,-99,0.75,7,0.270811287405121,0.903817914831131,0.283725603640678,0.517566761003515,0.000724393287752693,0.210352422907489,5.81112615433899,2.79955947136564,0.00114123992159936,0.271661530371473,0.285087319973369,0.00106309843135269,5.80586112681201,8.0425902216532,0.316267379183203,0.279150591732342,0.18147420723977,0.342954929897741,0.0206051674788753,0.405974541150734,0.31637613520278,0.184169607397142,0.025926620663931,49988,12,24,49534,48860,419,6.27092511013216,8.04467216395805
"53",0.7,0.75,-99,-99,0.75,7,0.41039418472313,0.997617629541394,0.240530808138738,0.215872376379839,0.000105107658136867,0.0262060750446694,2.01221819596842,1.07074275362319,0.00274089219956544,0.412356551410631,0.240336696061849,0.00014765322588096,2.010301798667,8.04282085641713,0.228402722921896,0.0487658810547399,0.0969453800611552,0.161898771170247,0.0022021419541939,0.159795259159469,0.226880620083004,0.0984568805232059,0.00266740944002304,49999,1,2,48320,49933,1675,6.22572960095295,8.04282256935416
"54",0.75,0.75,-99,-99,0.75,7,0.50484830880278,1,0.237631302938372,0.227383527656156,0.000218071665163593,0.0458015267175573,1.99719938549249,1.03053435114504,0.00227723847159842,0.506457607708574,0.237705170064146,0.000304439009437886,1.99507454274061,8.04282342587407,0.242940822696049,0,0.098178888811676,0.189454109563488,0.00448733307254039,0.209168492804117,0.241383238460024,0.099901170279998,0.00542408118184249,49996,4,0,49079,49903,917,6.04143947655398,8.04282342587407
"55",0.8,0.75,-99,-99,0.75,7,0.489971962175545,0.995402298850575,0.245008620708715,0.283839825814422,0.000464607956707949,0.117241379310345,3.14645985492342,1.13563218390805,0.00173032281663064,0.491082758707304,0.245453879337533,0.000623679219854047,3.14300012218188,8.04282342587407,0.304535535675427,0.0677281873962016,0.115346976025295,0.273246038418849,0.0125790075011195,0.322078108478715,0.303729756043906,0.11758410508974,0.0146250674997365,49996,4,2,49561,49600,433,5.81379310344828,8.04298515821899
"56",0.85,0.75,-99,-99,0.75,7,0.278756514292825,0.895393374741201,0.317971892470332,0.525798786900482,0.00125641354822755,0.21583850931677,5.76633399220367,2.86739130434783,0.00107389366260113,0.279550883682963,0.318878028805456,0.00165015160666838,5.76134140348279,8.04281596541095,0.318372688311968,0.291283906422597,0.194325662074911,0.344010455856652,0.0291257122540242,0.409198074509393,0.318571264487543,0.196034274089773,0.0342002705656733,49958,42,29,49636,47877,295,6.18012422360248,8.04544453123435
"57",0.7,0.8,-99,-99,0.75,7,0.404133979747777,0.998987854251012,0.255770462848588,0.228613123901878,9.65343531983831e-05,0.0313765182186235,2.17485054530004,1.09210526315789,0.00165627396237753,0.405342415411316,0.255594411771625,0.000127583934620164,2.17344489024186,8.04282171286851,0.224151717634199,0.0318142381487889,0.0990395911279432,0.175838152312311,0.0022024821419579,0.174421399649663,0.223245338600001,0.100035593400658,0.00258035881065558,49998,2,1,49010,49923,987,6.11133603238866,8.04282256935416
"58",0.75,0.8,-99,-99,0.75,7,0.511284073249427,1,0.253359923976357,0.239122417941246,0.000238665472572266,0.0515097690941385,2.10685835874387,1.05683836589698,0.00147889124098397,0.512337936815204,0.253363062052777,0.000301987610160344,2.10535614654584,8.04282342587407,0.237843372690404,0,0.100687773869946,0.201299988183469,0.00522293662210418,0.221231657044764,0.236795627969305,0.101802515397186,0.00588192076866024,49996,4,0,49433,49884,563,5.93250444049734,8.04282342587407
"59",0.8,0.8,-99,-99,0.75,7,0.497201621921339,0.99290780141844,0.267205247642513,0.297065067868639,0.000568537487388422,0.124113475177305,3.22207973485652,1.22695035460993,0.0012723749977091,0.498011859373604,0.26743225464112,0.000706813295874105,3.21933425704154,8.04282342587407,0.306925727020624,0.0840652094549263,0.119457100592728,0.279982073872117,0.0163167103071526,0.330297118312916,0.306329378189337,0.120870801221024,0.0179769362526539,49996,4,4,49714,49432,280,5.74468085106383,8.04316690670507
"60",0.85,0.8,-99,-99,0.75,7,0.286436732180204,0.894517543859649,0.351073167397286,0.551297393083107,0.00153842700076168,0.235745614035088,5.68803695872356,3.01059941520468,0.00102779492204739,0.287212184831839,0.351739838432728,0.00185996924583194,5.68307538295854,8.04134968586282,0.320334665867909,0.289513932930611,0.198214838245367,0.345612436226623,0.0333096572183938,0.423126465122765,0.320565680016726,0.19943449662582,0.0368697552515773,49819,181,30,49591,45644,210,6.05701754385965,8.04370443270602
"61",0.7,0.85,-99,-99,0.75,7,0.387347896569622,1,0.272269960922708,0.237889112713056,6.6506376306427e-05,0.0352112676056338,2.37731878606091,1.13615023474178,0.000733782421759589,0.38788548016228,0.272153748889908,8.36128528746132e-05,2.37650103590105,8.04282256935416,0.222474181807088,0,0.0978839206375449,0.187723901001185,0.00185098189689823,0.184530124981488,0.222136083489087,0.0983774479183014,0.00213838168476462,49997,3,0,49571,49794,426,6.2112676056338,8.04282256935416
"62",0.75,0.85,-99,-99,0.75,7,0.501600439321622,1,0.269535699890663,0.247965475754732,0.000179011201178881,0.0578512396694215,2.28893728338634,1.08264462809917,0.000689228648991746,0.502078513286206,0.269499761779824,0.000211781943606396,2.28812580887212,8.04282342587407,0.23555364599919,0,0.100330170857874,0.214149502571572,0.00470525721945238,0.233945791541971,0.235125526586365,0.100858838694904,0.0051093534245916,49996,4,0,49754,49733,242,5.99173553719008,8.04282342587407
"63",0.8,0.85,-99,-99,0.75,7,0.501769173189907,0.988888888888889,0.287701270257512,0.308786404308792,0.000596554535534293,0.103703703703704,3.324581088048,1.32592592592593,0.000682848165904717,0.502211959098311,0.287740960845521,0.00069282275437238,3.3231799034431,8.042805992839,0.314422286065628,0.0959373759256656,0.121404278171857,0.27705100394455,0.0193229941623946,0.30601126879246,0.31410651670418,0.121982904904165,0.0207424267088134,49993,7,4,49858,48723,134,5.76296296296296,8.0431694972894
"64",0.85,0.85,-99,-99,0.75,7,0.277752408858769,0.825128205128205,0.37768250998529,0.563111020923521,0.00136727574241217,0.21025641025641,5.71709654045659,3.52717948717949,0.000741530601025649,0.278322150491759,0.378074385284513,0.00157329096454765,5.71380568364684,8.03972043316605,0.323510204594235,0.362094146880607,0.193737070573057,0.344836086092386,0.0317272826672721,0.402165673795128,0.323767360163567,0.194466541163865,0.0343354155192153,49219,781,25,49089,39589,112,6.31538461538462,8.04148879944709
"65",0.7,0.7,-99,-99,0.8,7,0.33205667484452,0.996875,0.223624229793828,0.213850867001337,7.6082790909122e-05,0.02625,1.97735699871469,1.05317473344557,0.00205636949188295,0.333589329100198,0.223715309218649,0.000103225883507049,1.97584894887785,8.0428,0.200207321073093,0.0558317348300573,0.0903524791904773,0.161337814735233,0.00161218739716231,0.159927868356091,0.19925837345848,0.0923098843580907,0.00188047339944686,50000,0,1,48400,49943,1595,6.19125,8.04280085601712
"66",0.75,0.7,-99,-99,0.8,7,0.397994559247715,0.996655518394649,0.222288630286444,0.225480212057393,9.67421999618886e-05,0.0457079152731327,1.90934797488801,1.05629877369008,0.00134544410737919,0.398975212845576,0.222532510511189,0.0001315082079817,1.90847727613544,8.04282085641713,0.227705984470472,0.0577669130612407,0.0906950983943702,0.18866292439689,0.00206461159328749,0.208967421722374,0.226945139347853,0.0927667236170476,0.00242498208378485,49999,1,1,49102,49949,894,6.03567447045708,8.04282171286851
"67",0.8,0.7,-99,-99,0.8,7,0.508275620848629,0.997518610421836,0.217836855463782,0.264541587489349,0.000202921647289673,0.0992555831265509,1.91215505586954,1.04714640198511,0.000960599001579287,0.508960648615907,0.218241185266841,0.000279498319881046,1.91151241121972,8.04282256935416,0.244580099306493,0.0498135481386718,0.0921675165938108,0.254387162325197,0.00420986343318719,0.299376535714911,0.243844337226855,0.0944158478154784,0.00506114660628347,49997,3,1,49594,49920,402,5.80397022332506,8.04282342587407
"68",0.85,0.7,-99,-99,0.8,7,0.463797048883731,0.994444444444444,0.223325621447657,0.413683383655451,0.000416212620819083,0.266666666666667,3.47897876808959,1.32777777777778,0.000541084752997339,0.464168966905069,0.224033532123271,0.000501630347102933,3.4777359488399,8.04282342587407,0.321461109189322,0.074535599249993,0.116823871646367,0.368778497908722,0.0116816893120129,0.443450160325529,0.321171189467397,0.119227174370694,0.0123354299725544,49996,4,0,49816,49669,179,5.17222222222222,8.04282342587407
"69",0.7,0.75,-99,-99,0.8,7,0.324336061159267,0.997073170731707,0.241389178343216,0.222339747119591,8.08039793653131e-05,0.0263414634146341,2.13509621304003,1.07223997757219,0.0012687613252905,0.325308261867679,0.241253396968342,9.81301162206857e-05,2.13388419748364,8.0428,0.193746029739785,0.0540473200526913,0.0971589778371164,0.164878137153651,0.00154881599146848,0.160226830447094,0.193088544358093,0.0980273256323602,0.00172720533858955,50000,0,0,48975,49963,1022,6.08585365853659,8.0428
"70",0.75,0.75,-99,-99,0.8,7,0.398213703366734,0.996509598603839,0.240260421737023,0.231191609519105,0.00011170756407636,0.0453752181500873,2.02521614168602,1.06922629435718,0.000838901723705113,0.398845703601358,0.240277334542802,0.000134301700613759,2.0244422437575,8.04282085641713,0.223414800162564,0.0590279535120236,0.0975687969328735,0.189114524913623,0.00217271242542388,0.208307550363957,0.22286469843167,0.0985509874620715,0.0024052660530653,49999,1,0,49426,49967,571,5.90052356020942,8.04282085641713
"71",0.8,0.75,-99,-99,0.8,7,0.507692772088601,0.996153846153846,0.237268524070813,0.265381936810508,0.000252125670332501,0.0961538461538462,1.99314197498246,1.06346153846154,0.000611317610113854,0.508135557682734,0.237449735309529,0.00030169377150165,1.99275598177625,8.04282256935416,0.241867434770479,0.0620173672946042,0.0988281623227091,0.251325462734358,0.00483851837020886,0.295370677698104,0.241357503252791,0.100009715380556,0.00534528504814824,49997,3,1,49737,49938,259,5.68846153846154,8.04282342587407
"72",0.85,0.75,-99,-99,0.8,7,0.457941692902799,0.991452991452991,0.250652039428726,0.422951282434041,0.000612043492290582,0.273504273504274,3.54478474210834,1.37606837606838,0.000398450669008174,0.458238678507941,0.251071350897461,0.000706679154595633,3.54378497954842,8.04282342587407,0.317408573816564,0.0924500327042048,0.125249717312567,0.372208371035501,0.016888851264093,0.447674674519028,0.317159014615398,0.126658341506942,0.0180633778840909,49996,4,1,49879,49487,116,5.07692307692308,8.04296429642964
"73",0.7,0.8,-99,-99,0.8,7,0.307830347863191,0.99616122840691,0.256739530925999,0.229404437352414,6.6355034207371e-05,0.0268714011516315,2.32774157068509,1.12613106663011,0.000639906700001633,0.308318031635071,0.256632182632858,7.52379693406975e-05,2.3270370806475,8.04282085641713,0.18996550755392,0.0618982175835991,0.0987987327382515,0.174095231115838,0.00137865852858281,0.161862954757538,0.189685874012367,0.0992230906148391,0.00148157988176862,49999,1,0,49478,49951,519,6.16122840690979,8.04282085641713
"74",0.75,0.8,-99,-99,0.8,7,0.389525384011204,0.996644295302013,0.255386420589747,0.239526569577075,9.88369212367098e-05,0.0436241610738255,2.1940870326499,1.08724832214765,0.000444908717826278,0.389861945214322,0.255349525208283,0.000112262100089608,2.19356332587524,8.04282171286851,0.219900080199625,0.0579284446363492,0.0995320444131464,0.193533952969392,0.00209908069859969,0.204600998793276,0.219622769979774,0.0999656080255386,0.00227936390033324,49998,2,0,49700,49950,297,5.89597315436242,8.04282171286851
"75",0.8,0.8,-99,-99,0.8,7,0.51427195264375,1,0.252770252319241,0.255719078164334,0.000278011581651167,0.0802919708029197,2.10172493185068,1.02189781021898,0.000343052918758975,0.514537195419394,0.252807314725445,0.00030484778338136,2.10134313768188,8.04282342587407,0.237206588766339,0,0.10138467298737,0.234274796235038,0.00564619528766369,0.272741909908162,0.236898892086167,0.101838222343073,0.00593277496527895,49996,4,0,49859,49922,137,5.71532846715328,8.04282342587407
"76",0.85,0.8,-99,-99,0.8,7,0.464876495383648,0.985507246376812,0.275369123369798,0.370344198285375,0.00080329765583414,0.202898550724638,3.59767514406723,1.3768115942029,0.00029626947161246,0.465101619306193,0.275515547338012,0.000859132023746776,3.59684284526473,8.04258851770354,0.319706644551028,0.120385853085769,0.130512888429573,0.340320206337272,0.0211074733038777,0.405103840897162,0.319541283204244,0.131076530851892,0.0217983911917334,49990,10,2,49921,49087,68,5.39130434782609,8.04281027446587
"77",0.7,0.85,-99,-99,0.8,7,0.294113587377249,0.995238095238095,0.27387734125332,0.219893901951318,4.77944553798522e-05,0.00952380952380952,2.52345099397236,1.18571428571429,0.000268757244312743,0.29431592166891,0.273743933357178,4.90596222655973e-05,2.52314164191035,8.04282171286851,0.190690248991459,0.0690065559342354,0.0975225410485229,0.146307995440711,0.00120240554351368,0.0973562584387282,0.190606111662387,0.0974804455670801,0.00122003105651297,49998,2,0,49788,49841,209,6.40476190476191,8.04282171286851
"78",0.75,0.85,-99,-99,0.8,7,0.372396725102357,1,0.272150712939693,0.220397187138259,7.32209861701532e-05,0.0178571428571429,2.39682015772444,1.11607142857143,0.000165346229133077,0.372524252665451,0.272067609385634,7.46460431724333e-05,2.39662099524797,8.04282171286851,0.21897084154117,0,0.0983623936038625,0.148712698045009,0.00192104809193726,0.133027319360602,0.218877944312085,0.0983518538155052,0.00193436020183319,49998,2,0,49886,49836,112,6.24107142857143,8.04282171286851
"79",0.8,0.85,-99,-99,0.8,7,0.504201099384763,1,0.268976872166826,0.212068739341467,0.000216846336663842,0.0227272727272727,2.28377891221908,1.06818181818182,0.000124128218402076,0.504294901071323,0.268936036267975,0.000218664663948207,2.28361707148265,8.04282342587407,0.235365006057906,0,0.100934803453271,0.146328431675358,0.00524959265180231,0.150755672288882,0.235271678021379,0.100938012427951,0.00526523853963514,49996,4,0,49952,49778,44,6.13636363636364,8.04282342587407
"80",0.85,0.85,-99,-99,0.8,7,0.469219152179143,1,0.297591284380827,0.245085778419112,0.000763598033754623,0,3.68806553003259,1.44444444444444,7.54848420294926e-05,0.469280024166608,0.297570646102831,0.000763598033754623,3.687853161382,8.04189686924494,0.329263180391156,0,0.132699040251644,0.177904856880577,0.0225988508869157,0,0.329212973413501,0.132715668879331,0.0225988508869157,49956,44,0,49938,47791,18,6.44444444444444,8.04189686924494
"81",0.7,0.7,-99,-99,0.85,7,0.277997064751285,0.998822143698469,0.224187752136177,0.215366168815461,8.39878989761914e-05,0.0223792697290931,2.08261532407854,1.04063604240283,0.000928684810197882,0.278742557602192,0.224186954858925,9.55540006343209e-05,2.08174960779514,8.0428,0.169931454311935,0.034319911152729,0.0914177453464646,0.154987116944717,0.00156893758019014,0.148000804255636,0.169504536531714,0.0922214088332231,0.00168044127149165,50000,0,0,49151,49974,848,6.07067137809187,8.0428
"82",0.75,0.7,-99,-99,0.85,7,0.314058933373482,1,0.223709113330527,0.225192642085948,8.74652081483854e-05,0.0376569037656904,2.00784079493183,1.01673640167364,0.000520285759830887,0.314486341635809,0.223774063574018,9.92113043561689e-05,2.00735853248758,8.0428,0.189804184373872,0,0.0915774283433052,0.176515448969287,0.00165152336875771,0.190564513538493,0.189489944369661,0.0924001459051398,0.00176963261270221,50000,0,0,49522,49977,478,5.86401673640167,8.0428
"83",0.8,0.7,-99,-99,0.85,7,0.381293039094655,0.995391705069124,0.222605768841807,0.251079129204129,0.000106429075675573,0.0783410138248848,1.92035354252725,1.06067588325653,0.000272904733626014,0.38150678118732,0.222739282693982,0.000121118364188824,1.92011416559324,8.04282085641713,0.221371978908025,0.0678844233302131,0.0919241873730358,0.231055853972716,0.00204005739564149,0.269328750347567,0.221175501550103,0.0928034836767723,0.00220921926922005,49999,1,0,49782,49979,216,5.71428571428571,8.04282085641713
"84",0.85,0.7,-99,-99,0.85,7,0.510792242792522,1,0.217727204947596,0.347864833579119,0.000249885999518594,0.202380952380952,1.91126806575685,1,0.00019429918415034,0.510947733731872,0.217956946664497,0.000286375201857747,1.91107427161597,8.04282256935416,0.244326563060564,0,0.0936196619034364,0.334322961296592,0.00472225041776747,0.404187774111552,0.244138311224608,0.0946544626920592,0.00514984967695982,49997,3,0,49913,49955,84,5.07142857142857,8.04282256935416
"85",0.7,0.75,-99,-99,0.85,7,0.26768252108481,1,0.241749667352217,0.218572495512151,8.39742967015831e-05,0.0193965517241379,2.25666795120903,1.06465517241379,0.000513330452729832,0.268084660290526,0.241663648819903,8.9460101133304e-05,2.25614878515338,8.0428,0.163141403044331,0,0.0976690409387224,0.155171103683005,0.00151397475941723,0.138063051255551,0.162949562163067,0.097912814606885,0.00156887634262509,50000,0,0,49536,49987,464,6.14224137931035,8.0428
"86",0.75,0.75,-99,-99,0.85,7,0.303990686036068,1,0.241358800119132,0.229132335455293,8.73295402529093e-05,0.0350194552529183,2.17548305794826,1.04280155642023,0.000274792773433825,0.304215733100344,0.241335539220296,9.33144257205533e-05,2.17519777780773,8.0428,0.183020093064864,0,0.0977924563232611,0.177915359585607,0.00158047217352491,0.18418766863247,0.182861692846174,0.0980923120077084,0.00164572324530621,50000,0,0,49743,49987,257,5.94163424124514,8.0428
"87",0.8,0.75,-99,-99,0.85,7,0.379097600521066,1,0.240439192646198,0.246558947874737,0.000113119421164338,0.0701754385964912,2.04714926679157,1.00877192982456,0.000131098414507514,0.379208199398833,0.240462033167123,0.000120803525124058,2.04701105873384,8.04282171286851,0.216287486599017,0,0.0982472482297574,0.219063549669627,0.00206999561342885,0.256570238985335,0.216176708750992,0.0985621866612455,0.00216034095521418,49998,2,0,49884,49987,114,5.67543859649123,8.04282171286851
"88",0.85,0.75,-99,-99,0.85,7,0.510188432716443,1,0.2372411612357,0.304031915796622,0.000287727160779482,0.156862745098039,1.9927778447547,1,0.000117268622249021,0.510282537147895,0.237327297654467,0.000304553404203853,1.99264990827935,8.04282342587407,0.241828931359498,0,0.0998326158050297,0.307702176381636,0.00522488051928283,0.367290022712725,0.241714136748498,0.100250787033923,0.00539690706517948,49996,4,0,49945,49960,51,5.52941176470588,8.04282342587407
"89",0.7,0.8,-99,-99,0.85,7,0.251096913438627,1,0.257105240372186,0.211932927512638,6.75848297416691e-05,0,2.45363106588208,1.1256038647343,0.000231711416077924,0.25127739914796,0.256992858172983,6.75848297416691e-05,2.45337350914158,8.0428,0.160782244905962,0,0.0988908169623744,0.127756062480762,0.00131321590677574,0,0.160725528107679,0.0987798323676923,0.00131321590677574,50000,0,0,49793,49967,207,6.41062801932367,8.0428
"90",0.75,0.8,-99,-99,0.85,7,0.286379702353048,1,0.2567016121986,0.197418687326944,7.14841351131717e-05,0,2.37228938034078,1.05504587155963,0.000121669832827772,0.286478038128688,0.256618900086569,7.14841351131717e-05,2.37214940179337,8.0428,0.179857597559858,0,0.0991247874048753,0.0969842679592596,0.00140400109267264,0,0.179804176871083,0.0990259169523526,0.00140400109267264,50000,0,0,49891,49967,109,6.23853211009174,8.0428
"91",0.8,0.8,-99,-99,0.85,7,0.367283206538634,1,0.255498777214564,0.182983241505969,9.99382351528012e-05,0,2.22725109586033,1,5.35061009652781e-05,0.367328021554954,0.255453394983795,9.99382351528012e-05,2.22718584091011,8.04282171286851,0.21364581344632,0,0.0997506124198042,0.0565935580669332,0.00202016683749549,0,0.213604111967614,0.099694990310481,0.00202016683749549,49998,2,0,49954,49966,44,6.09090909090909,8.04282171286851
"92",0.85,0.8,-99,-99,0.85,7,0.516983614460627,1,0.252499406078776,0.1747113997114,0.000302481233843823,0,2.10132942578028,1,3.80116989445736e-05,0.517013896103937,0.252483323536943,0.000302481233843823,2.10128481037844,8.04282342587407,0.237342337184997,0,0.101889661860634,0.0579202491053432,0.00588841236469308,0,0.23730669310911,0.101877457895232,0.00588841236469308,49996,4,0,49981,49935,15,6.33333333333333,8.04282342587407
"93",0.7,0.85,-99,-99,0.85,7,0.242020352935479,1,0.274327487410341,0.234645629342599,4.09757592262872e-05,0,2.64598035915003,1.17171717171717,0.000116356806995025,0.242109202456749,0.274255865798006,4.09757592262872e-05,2.64584271209897,8.0428,0.164949666977717,0,0.097118757792925,0.147541289193974,0.00101069522243328,0,0.164934938683116,0.0970565857450984,0.00101069522243328,50000,0,0,49901,49860,99,6.14141414141414,8.0428
"94",0.75,0.85,-99,-99,0.85,7,0.274376294490687,1,0.273786518577749,0.203910318706237,4.45052421291695e-05,0,2.56618458439309,1.08163265306122,5.95757758675642e-05,0.274422102751113,0.273735296952069,4.45052421291695e-05,2.56611380290547,8.0428,0.181878183998599,0,0.09742091841395,0.106583613615002,0.00112357433133945,0,0.181864509231489,0.0973697733337687,0.00112357433133945,50000,0,0,49951,49860,49,6.06122448979592,8.0428
"95",0.8,0.85,-99,-99,0.85,7,0.350388845880002,1,0.272215638443108,0.177527151211362,6.36882349872684e-05,0,2.42863908865486,1,2.44977909268572e-05,0.350408975391437,0.272188619922237,6.36882349872684e-05,2.4286049327985,8.04282256935416,0.212979632076174,0,0.0981487644602233,0.05835525667021,0.00166696614414762,0,0.212964529261633,0.098123077682151,0.00166696614414762,49997,3,0,49978,49858,19,6.31578947368421,8.04282256935416
"96",0.85,0.85,-99,-99,0.85,7,0.506918195204829,1,0.268415135379213,0.186507936507937,0.000213265188088174,0,2.28220871455047,1,9.04834291505225e-06,0.50692581486202,0.268409626212587,0.000213265188088174,2.28219966620756,8.04282342587407,0.234803602541309,0,0.101057424262928,0.0562597098363406,0.00532081598657242,0,0.234793719414945,0.101053299946959,0.00532081598657242,49996,4,0,49993,49801,3,5.66666666666667,8.04282342587407
"97",0.7,0.7,-99,-99,0.9,7,0.252968993603402,1,0.224207930150178,0.199806950419195,9.12456000143142e-05,0,2.15287916448195,1.04897959183673,0.000258810655702573,0.253173980573829,0.224123708834415,9.12456000143142e-05,2.15263034662922,8.0428,0.156928681148938,0,0.092240116813123,0.105402161961226,0.00160804258069156,0,0.156841012898574,0.0921153426188156,0.00160804258069156,50000,0,0,49755,49999,245,6.2734693877551,8.0428
"98",0.75,0.7,-99,-99,0.9,7,0.262980721190221,1,0.224121509576428,0.195109078631806,9.43411511284944e-05,0,2.12288813763602,1.01515151515152,0.000124416244748914,0.2630860660651,0.224055778287169,9.43411511284944e-05,2.12275839357755,8.0428,0.161479300897709,0,0.092272844846349,0.085009868972328,0.00165941116841016,0,0.161409186779387,0.0921655156954288,0.00165941116841016,50000,0,0,49868,49997,132,6.06818181818182,8.0428
"99",0.8,0.7,-99,-99,0.9,7,0.288244489026499,1,0.223846160758477,0.193160048763497,9.54705589282876e-05,0,2.05994189280824,1,5.00186236343826e-05,0.288288323050749,0.22380576052454,9.54705589282876e-05,2.05988889803218,8.0428,0.175321021707165,0,0.092367189407351,0.0707170471272089,0.00168322999507224,0,0.175282094476997,0.0922964757456987,0.00168322999507224,50000,0,0,49942,49996,58,5.91379310344828,8.0428
"100",0.85,0.7,-99,-99,0.9,7,0.352854584062929,1,0.223002360426882,0.187827523353839,0.000107182718316405,0,1.94868222486557,1,1.90348975917462e-05,0.352870903486518,0.222989780776931,0.000107182718316405,1.94866358912341,8.0428,0.209166941156162,0,0.0926687762970452,0.063412047101042,0.00194558938986101,0,0.209151683489281,0.0926491735178602,0.00194558938986101,50000,0,0,49981,49996,19,6.05263157894737,8.0428
"101",0.7,0.75,-99,-99,0.9,7,0.241430901095045,1,0.241684079041096,0.19875725792992,8.56940104325251e-05,0,2.33257768217983,1.10071942446043,0.000146487261125191,0.241545921712062,0.241631624882872,8.56940104325251e-05,2.33242398577277,8.0428,0.149509715925433,0,0.0980041149927499,0.113240174809212,0.00151262546625173,0,0.149475127863226,0.0979481916289403,0.00151262546625173,50000,0,0,49861,49999,139,6.69064748201439,8.0428
"102",0.75,0.75,-99,-99,0.9,7,0.251935225092909,1,0.241609036852675,0.186267235180279,8.95823317218206e-05,0,2.30018388148477,1.05797101449275,6.41821547655758e-05,0.251987339492801,0.241565452016663,8.95823317218206e-05,2.30011040697653,8.0428,0.154500489465516,0,0.0980539849505377,0.0983842542043706,0.00157287492532428,0,0.154477341335994,0.0979957406191997,0.00157287492532428,50000,0,0,49931,49996,69,6.71014492753623,8.0428
"103",0.8,0.75,-99,-99,0.9,7,0.277498863023392,1,0.241373216629892,0.16811482168625,9.10185377083367e-05,0,2.23461587789231,1,2.37614897871584e-05,0.277518611696919,0.24134764476091,9.10185377083367e-05,2.23458715867952,8.0428,0.169266378774644,0,0.0981616664753598,0.059093470092395,0.00160121737477662,0,0.169253745827952,0.0981244945394769,0.00160121737477662,50000,0,0,49972,49996,28,6.75,8.0428
"104",0.85,0.75,-99,-99,0.9,7,0.346626197574725,1,0.240685723161035,0.146103896103896,0.000103962252449428,0,2.09701040282035,1,5.95270415858651e-06,0.346631026562129,0.240680473177162,0.000103962252449428,2.09700378617785,8.0428,0.203361363628478,0,0.0984983119252109,0.0543188707542806,0.00185437065951382,0,0.203357924482381,0.0984926593097548,0.00185437065951382,50000,0,0,49994,49995,6,7.5,8.0428
"105",0.7,0.8,-99,-99,0.9,7,0.225318928923358,1,0.256962223520756,0.22530895030895,6.40319284758417e-05,0,2.52952430272668,1.15277777777778,7.3882580164957e-05,0.225378006576619,0.256924995416761,6.40319284758417e-05,2.52943862870627,8.0428,0.14580088814747,0,0.0985644267926272,0.148895172068212,0.00126003299454282,0,0.145785248076946,0.0985260808790883,0.00126003299454282,50000,0,0,49928,49967,72,6.40277777777778,8.0428
"106",0.75,0.8,-99,-99,0.9,7,0.235774963823568,1,0.25688145520702,0.188079513079513,6.42052572884543e-05,0,2.4969001349692,1.06060606060606,2.84803511867362e-05,0.235798703278152,0.256849631544342,6.42052572884543e-05,2.49686390586225,8.0428,0.151888916317819,0,0.0986183403723129,0.103315858909196,0.00126234341758812,0,0.151879270115741,0.0985781974407561,0.00126234341758812,50000,0,0,49967,49965,33,6.57575757575758,8.0428
"107",0.8,0.8,-99,-99,0.9,7,0.259577756607686,1,0.256661879014752,0.172645502645503,6.55457637289609e-05,0,2.43362089137896,1,1.26242441403219e-05,0.259588344188713,0.256644873243469,6.55457637289609e-05,2.43360452985111,8.0428,0.166469038401018,0,0.0987269692695932,0.0626471680323975,0.00129073957784301,0,0.166463186216048,0.0987045238037074,0.00129073957784301,50000,0,0,49985,49965,15,6.6,8.0428
"108",0.85,0.8,-99,-99,0.9,7,0.330483468932638,1,0.255744161883279,0.142857142857143,7.87499400235213e-05,0,2.28852663703843,1,8.00048002880173e-07,0.330484135639307,0.255743590042983,7.87499400235213e-05,2.2885254036311,8.04282256935416,0.200465822312217,NA,0.0992407632982707,NA,0.00160381996064951,NA,0.200465332910682,0.0992406729188317,0.00160381996064951,49997,3,0,49996,49964,1,7,8.04282256935416
"109",0.7,0.85,-99,-99,0.9,7,0.218751926732297,1,0.274084090026263,0.222644976551227,3.91264912515701e-05,0,2.71813704374525,1.1875,3.56742738097224e-05,0.218779440483287,0.274066653656807,3.91264912515701e-05,2.71809407647773,8.0428,0.15164574064721,0,0.0967462487112618,0.170321571144273,0.000985351059139688,0,0.151647081829343,0.0967404731697075,0.000985351059139688,50000,0,0,49968,49868,32,6.875,8.0428
"110",0.75,0.85,-99,-99,0.9,7,0.228250644071722,1,0.274009060533735,0.158359788359788,3.91796450432072e-05,0,2.6879157955979,1.06666666666667,1.50561348304151e-05,0.228261756899708,0.273994287507326,3.91796450432072e-05,2.6878960597333,8.0428,0.157723087998782,0,0.0967973138725136,0.0545706481942341,0.000986070310055613,0,0.15772371169848,0.0967897938986866,0.000986070310055613,50000,0,0,49985,49867,15,7.26666666666667,8.0428
"111",0.8,0.85,-99,-99,0.9,7,0.250148404209309,1,0.273739551416409,0.150644841269841,4.04579140216142e-05,0,2.62595874185343,1,5.64347505179424e-06,0.250153411316287,0.273730145842025,4.04579140216142e-05,2.62594888763251,8.0428,0.170499692840325,0,0.096965088499245,0.0645650329708371,0.00101930034894493,0,0.170496013759198,0.0969579712171463,0.00101930034894493,50000,0,0,49992,49867,8,7.625,8.0428
"112",0.85,0.85,-99,-99,0.9,7,0.315359340337076,NA,0.272548712520599,NA,5.18526939751377e-05,NA,2.48639352794277,NA,0,0.315359340337076,0.272548712520599,5.18526939751377e-05,2.48639352794277,8.04282256935416,0.201124458799181,NA,0.0975867664833027,NA,0.00138268438725294,NA,0.201124458799181,0.0975867664833027,0.00138268438725294,49997,3,0,49997,49865,0,NA,8.04282256935416
